baseball,新聞,國際,塗鴉,藝術家,彩繪,天母,球場
baseball,新聞,公開,二,複賽,開打,中華,科大,台鋼,科大,下馬
baseball,公告,板,規
baseball,整理,轉播,時間,+,季,前,熱身賽
baseball,分享,2025,cpbl,熱身賽,轉播,平台,賽程表
baseball,公告,baseball,板,開始,舉辦,樂透
baseball,新聞,餅總,作勢,捶,他,勝,騎士,笑,回,話
baseball,東京,友誼賽,芝加哥,小,熊,vs,讀賣巨人
baseball,新聞,寄望,張仁瑋,打擊,像,貝茲,平野惠,一點
baseball,情報,申皓瑋,再見,安打
baseball,新聞,spc-,中職,影,打,右外野,落地,跑
baseball,討論,蒙德茲,這樣,月薪
baseball,分享,陳偉殷,fb
baseball,分享,今日,申皓瑋
baseball,新聞,呼,江坤宇,很,可惡,勝,騎士,盛讚
baseball,分享,今日,范國宸
baseball,新聞,太,慘,獅隊,新,洋投,蒙德茲,投,人次
baseball,分享,今日,林哲瑄
baseball,分享
baseball,分享,捷克隊,佛洲,移訓,結束,vs,小,聯盟,戰績,w,l
baseball,討論,統一,的,牛棚,養成,哪裡,出,了,問題
baseball,新聞,mlb,the,show,2025,評分,惹議,大谷
baseball,新聞,mlb,美聯,三冠王,春訓,飆,火球,老虎,主帥,腎上腺素,激發
baseball,分享,kershaw,老友,黑田博樹,見面
baseball,新聞,經典賽,捷克,找,外籍,軍團,曝,人,有,興趣,包
baseball,新聞,東京賽,阪神,王牌,大谷,跪地,開轟,道
baseball,新聞,經典賽,台灣隊,小心,捷克,尋求,大聯盟,球
baseball,新聞,大谷翔平,開轟,山本由伸,說,起床,有
baseball,新聞,王貞治,盼,邀,台灣,國,合作,學習,mlb,海外賽,啟動,球心會
baseball,分享,spencer,torkelson,練習,守,外野
baseball,新聞,milb,右手,先發,左手,中繼,水手,總管,曝
baseball,新聞,mlb,去年,勇奪,國聯,新人王,海盜,火球,狀元史
baseball,新聞,spc,東京賽,阪神,王牌,大谷,跪地,開轟
baseball,分享,未來,挑戰,國際,簽約金,紀錄,的,球員
baseball,npb,熱身賽,火腿,v,軟銀,上沢直之,先發
baseball,分享,misamo—,今日,東京賽,開球,嘉賓
baseball,新聞,大谷翔平,隔,對決,才木,三振,日媒
baseball,分享,netflix,mlb,休息室,波士頓,紅襪隊,的
baseball,kbo,聯盟,熱身賽,3/16
baseball,熱身賽,羅德,v,廣島
baseball,分享,今日,藤浪晉太郎
baseball,分享,陳偉殷,重回,中日龍隊,二軍,基地
baseball,新聞,對戰,巔峰,時,的,陳偉殷,平野惠一,有,話,他
baseball,討論,旅長,這,play,一壘手,站位
baseball,新聞,沈家羲,美職,春訓,初,體驗,遇見,鈴木一朗,強大
baseball,分享,才木浩人,很,想,三振,大谷
baseball,分享,愛爾達,fb,林哲瑄,傳,出局,影片
baseball,新聞,mlb／,阪神,擒殺,小,熊,獵,世界,道奇,日
baseball,分享,林哲瑄,跑壘
baseball,新聞,棒球,影,陳偉殷,名古屋,引退,中日龍球
baseball,情報,新庄,給,了,沒,什麼,事,說,的,紙條,給,記者
baseball,問題,林哲瑄,安打球,跑,是,視線,有,干擾
baseball,新聞,中職,張仁瑋,打擊,像,重砲,平野惠一,希望
baseball,新聞,東京賽,塞揚強,投手,中,敲出,砲,佐藤
baseball,新聞,東京,賽,阪神,世界,登,熱搜,才木浩人神
baseball,新聞,xbx-,擊球,場,內,跑,資深,選手,林哲瑄
baseball,情報,中信,兄弟,雙冠,榮耀,特展,3/22,大,巨蛋
baseball,新聞,中職,陳傑憲,見,白色,怪物,傻眼,打
baseball,炸裂,申皓瑋,追平,炮
baseball,cpbl,熱身賽,台鋼,vs,味全,@,斗六
baseball,熱身賽,#11,統一,vs,中信,兄弟,@,洲際
baseball,分享,柯敬賢,通緝,了
baseball,情報,manfred,排除,mlb,球員,參加,奧運,的,可能性
baseball,分享,今日,王柏傑
baseball,新聞,spc-mlb,前,道奇,挨轟王,情,歸,何處,美媒,曝,有望,獲,大
baseball,新聞,mlb,好險,洋基,人,送走,史卓曼,自認,帶給,球隊,很,大,的,價值
baseball,新聞,mlb,站上,偶像,祖國,的,投手丘,小熊,左投,內心,澎湃
baseball,分享,台鋼,雄鷹,城市,主題曲,高雄,之,歌
baseball,分享,孩子,猜拳,帽子,歸屬,丸佳浩,簡單
baseball,情報,王博玄
baseball,分享,青柳晃洋,下放,小,聯盟,訓練營
baseball,分享,引退,儀式,官方,完整,影片
baseball,新聞,mlb,東京賽,戶鄉翔征,打爆,岡島秀
baseball,情報,fox,有,興趣,mlb,擴大,轉播,約,規模
baseball,新聞,經歷,受,過,的,傷,郭俊麟,求,突飛猛進,我,的,年紀
baseball,討論,現在,球,是,是,有,微調,的,空間
baseball,公告,水桶,公告
baseball,新聞,mlb,東京賽,大谷翔平,開轟,感
baseball,討論,中職,國籍,認定,遵循,wbc,模式
baseball,新聞,撿到,大谷翔平,返鄉,全壘打,女,球迷,當,傳
baseball,分享,長嶋茂雄,看,mlb,東京賽,大谷,合照
baseball,新聞,mlb,當家,王牌,遭遇,震撼,教育,巨人,教練
baseball,新聞,陳偉殷,引退,拿,防禦率王,手套,最後
baseball,新聞,mlb,日職,用,球,彈,鈴木誠,強,擊球,失
baseball,熱身賽,西武,v,中日,陳偉殷,開球,引退
baseball,新聞,mlb,海外賽,有望,來,台,舉辦,蔡其昌
baseball,分享,韓華,新,球場,新,票價表
baseball,炸裂,佐藤輝明
baseball,國中,棒球,聯賽,硬式組,決賽
baseball,問題,才木浩人,是,下,大聯盟,的,球星
baseball,新聞,spc-,西班牙,三壘手,po,台灣,國旗,球
baseball,新聞,克蕭,東京,重逢,黑田博樹,表情,引,熱議,感性
baseball,新聞,葛拉斯諾,抽卡,抽到,大谷翔平,前,喊,賣
baseball,新聞,招募,卡仔,費仔,拚,蔡其昌,考慮,赴,美
baseball,新聞,韓,女團,misamo,東京,巨蛋,引,騷動,山本由伸,合
baseball,新聞,當今,最佳,球員,另,有,其,人,資深,球探,選,大
baseball,新聞,日職,妻子,說好,哭,的,陳偉殷,感性,致詞
baseball,新聞,封鎖,台灣,才木浩人,三振,大谷翔平,完美
baseball,分享,樂,天,逃,猿
baseball,新聞,mlb,奪,新人王,後首,扛,開幕戰,先發,史基斯,贏,球,才,有,意義
baseball,新聞,mlb,影,大聯盟,球員,票選,本,季,前,強,投,上,賽揚,其
baseball,新聞,spc-,龍捲風,投法,tiant,致意,sale,投進,好球帶,很,厲害
baseball,公告,水桶,公告
baseball,分享,高中,木棒,聯賽,投手,球速,統計
baseball,情報,今日,上澤直,之
baseball,新聞,蒙德茲,控球,走,鐘,參考,平野惠一
baseball,新聞,張士綸,生日,開轟,展現,競爭力
baseball,新聞,中職,蒙德茲,寫,最,慘,控球,紀錄,兄弟,教頭
baseball,分享,今日,嘉義市,球場
baseball,新聞,mlb／,大谷,請客,鮪魚,上桌,弗里曼
baseball,新聞,xbx-,台鋼,雄鷹,簽約,日本,投手,雄鷹,開
baseball,新聞,mlb,令和,怪物,準備,就緒,佐佐木朗希
baseball,分享,林哲瑄,threads
baseball,分享,今日,石川達也
baseball,新聞,東京賽,最,美,風景,藏私,指導,阪神,王牌
baseball,情報,阪神虎,連續,完封,大聯盟,球隊
baseball,cpbl,熱身賽,#09,樂天,vs,富邦,@,嘉義市
baseball,分享,軟銀,滿壘,大中計
baseball,分享,今日,才木浩人
baseball,分享,才木浩人,戶鄉翔征,對戰,台灣,道奇,比較
baseball,分享,今日,nfl,場地,滿,觀眾,前,打球,的,美國,香蕉隊
pc_shopping,菜單,80,k,白色,全,景,背插,遊戲,主機,修改
pc_shopping,菜單,35,k,遊戲機
pc_shopping,菜單,25,k,以下,文書,輕,遊戲機
pc_shopping,公告,電蝦板,板規,v
pc_shopping,心得,白色,主機,選購,指南,3/6,更新
pc_shopping,心得,ssd,選購,指南,碎念,之,邁向
pc_shopping,公告,禁,推,“,羅技,”,全,系列,產品
pc_shopping,開箱,m.2 sata,救星,創見,mts830s,簡單,開箱
pc_shopping,菜單,40,k 5070,機
pc_shopping,閒聊,5070,每,到貨,結果,缺貨,是,每,只,進
pc_shopping,情報,欣亞,加班,活動
pc_shopping,菜單,30~35,k,純白機
pc_shopping,情報,原價屋,9950x3,d,9900x3,d,賣,延長賽
pc_shopping,開箱,amd,ryzen,9 9950x3,d,d,處理器,開箱
pc_shopping,情報,gamers,nexus,9950x3d,評測
pc_shopping,情報,5090,奇遇,記
pc_shopping,情報,3,dmark,steel,nomad,開始,支援,解析度,測試
pc_shopping,菜單,25k,遊戲,程式機,含,顯卡
pc_shopping,心得,抱,著,噓爆,的,狀態,發,這
pc_shopping,請益,半,月,內,燒毀,案例
pc_shopping,菜單,70,k 3a,遊戲機
pc_shopping,閒聊,amd,下,代,核心,數量,加倍,核,zen6,c
pc_shopping,請益,電,供給,pin,裝,xt,上,的,pin
pc_shopping,閒聊,am4 cpu,原價屋,上架,了
pc_shopping,菜單,28k,升級,綜合,遊戲機
pc_shopping,閒聊,3/12,台北,原價屋,排隊,回報
pc_shopping,菜單,40k,上下,matx,主機
pc_shopping,開箱,藍寶,pulse,radeon,rx9070,雙,風扇,+,雙,hdmi
hatepolitics,討論,民眾黨,新任,臺中,主委,條款,落實
hatepolitics,討論,問,倒閣,的,是,國民黨,國蔥,提,賴
hatepolitics,舊聞,微甜,馬鈴薯,fb,總預算,說明,圖解
hatepolitics,討論,我,是,台灣人,我,反,綠
hatepolitics,黑特,小草,氣,什麼
hatepolitics,新聞,小四,女童,逛,百貨,押回,派出所,嚇到,崩
hatepolitics,討論,氣,努力,大,罷免,對
hatepolitics,討論,現況,說,純,中間,選民,是,稀有,族群,惹
hatepolitics,新聞,高雄,宣講,邱議瑩,許智傑,李柏毅,李꤯
hatepolitics,討論,我,沒,興趣,民進黨,死
hatepolitics,新聞,獨,酸,不肖,子孫,胡璉,孫女,誰
hatepolitics,討論,小草,台灣人
hatepolitics,討論,誠品,關,關,了
hatepolitics,討論,你,願意,台灣,死
hatepolitics,黑特,大,罷免,文化大革命,的,差異
hatepolitics,討論,美國,讓,台灣,高科技,赴,美
hatepolitics,討論,現在,很,難,相信,藍白,刪,預算,刪到,負
hatepolitics,黑特,核電,擋,人,財路
hatepolitics,黑特,吃,血,饅頭,最,厲害,的,是,民進黨
hatepolitics,討論,小草,是,是,覺得,自己,最,大
hatepolitics,新聞,高雄,箱型車,衝上,人行道,來,台,觀光,日籍,婦
hatepolitics,討論,川普,砍,美國,之,音,賴清德,敢
hatepolitics,新聞,吳子嘉,酸,魏哲家,醜,胖子,徐巧芯,台,下,大笑,挨
hatepolitics,黑特,主計長,公開,承認,去年,預算,多
hatepolitics,黑特,國民黨,氣,傅崑其,國民黨,手榴彈,連環,爆
hatepolitics,討論,民進黨,慘,藍營,新聞,粉專,陸配,現實,風向
hatepolitics,討論,許智傑,送,共軍,武器,造型,獎勵,罵爆
hatepolitics,討論,賴皮,自己,請辭,蕭,當,總統,比較,實在
hatepolitics,討論,反共,是,在野黨,最,好,的,主張
