hatepolitics,討論,民眾黨,新任,臺中,主委,條款,落實
hatepolitics,討論,問,倒閣,的,是,國民黨,國蔥,提,賴
hatepolitics,舊聞,微甜,馬鈴薯,fb,總預算,說明,圖解
hatepolitics,討論,我,是,台灣人,我,反,綠
hatepolitics,黑特,小草,氣,什麼
hatepolitics,新聞,小四,女童,逛,百貨,押回,派出所,嚇到,崩
hatepolitics,討論,氣,努力,大,罷免,對
hatepolitics,討論,現況,說,純,中間,選民,是,稀有,族群,惹
hatepolitics,新聞,高雄,宣講,邱議瑩,許智傑,李柏毅,李꤯
hatepolitics,討論,我,沒,興趣,民進黨,死
hatepolitics,新聞,獨,酸,不肖,子孫,胡璉,孫女,誰
hatepolitics,討論,小草,台灣人
hatepolitics,討論,誠品,關,關,了
hatepolitics,討論,你,願意,台灣,死
hatepolitics,黑特,大,罷免,文化大革命,的,差異
hatepolitics,討論,美國,讓,台灣,高科技,赴,美
hatepolitics,討論,現在,很,難,相信,藍白,刪,預算,刪到,負
hatepolitics,黑特,核電,擋,人,財路
hatepolitics,黑特,吃,血,饅頭,最,厲害,的,是,民進黨
hatepolitics,討論,小草,是,是,覺得,自己,最,大
hatepolitics,新聞,高雄,箱型車,衝上,人行道,來,台,觀光,日籍,婦
hatepolitics,討論,川普,砍,美國,之,音,賴清德,敢
hatepolitics,新聞,吳子嘉,酸,魏哲家,醜,胖子,徐巧芯,台,下,大笑,挨
hatepolitics,黑特,主計長,公開,承認,去年,預算,多
hatepolitics,黑特,國民黨,氣,傅崑其,國民黨,手榴彈,連環,爆
hatepolitics,討論,民進黨,慘,藍營,新聞,粉專,陸配,現實,風向
hatepolitics,討論,許智傑,送,共軍,武器,造型,獎勵,罵爆
hatepolitics,討論,賴皮,自己,請辭,蕭,當,總統,比較,實在
hatepolitics,討論,反共,是,在野黨,最,好,的,主張
hatepolitics,討論,民進黨,大內宣,日本,嗆,裝傻,自以為,委屈
hatepolitics,討論,賴桑,挺,共,帶頭,滲透,國家,大家,知道
hatepolitics,轉錄,林俊憲,threads
hatepolitics,黑特,停發,馬,鷹,狗,的,終身俸
hatepolitics,討論,我,當,預言家
hatepolitics,討論,有,選區,過,有,罷免票,投
hatepolitics,新聞,民眾黨,出席,同志,遊行,怨,公平,對待,主辦
hatepolitics,討論,幹,送,解放軍,紀念品,的,綠委,道歉,了
hatepolitics,討論,柯文哲,羈押期,剩,多久
hatepolitics,討論,黃國昌,民進黨,執政,新北,借,到,場地
hatepolitics,討論,大陸貨,好用,政府,愛不釋手
hatepolitics,討論,民進黨,下鄉,宣講,人潮
hatepolitics,討論,民眾黨,dpp,霸凌
hatepolitics,討論,美國,代理人,沈伯洋,陸配,亞亞,一樣,可惡
hatepolitics,討論,送,你,上,戰場,分,藍,綠,傻鳥,覺得,好棒
hatepolitics,討論,塔綠班,迫害,國昌,老師,多久
hatepolitics,黑特,賴清德,讓,中華民國,滅亡
hatepolitics,討論,有,人,看,了,俄烏,覺得,中國,敢,打
hatepolitics,討論,騎,腳踏車,的,人,貪污
hatepolitics,新聞,大阪,世博,台灣館,共同社,日方,要求,明確
hatepolitics,討論,黃國昌,怕,倒閣
hatepolitics,討論,桃園,罷免,是,涼,民進黨,活動,今天,人
hatepolitics,討論,鳳山,黃捷,安靜
hatepolitics,黑特,柯文哲,是,是,政壇,的,雷姆
hatepolitics,轉錄,4xgay,小草錢,好,賺
hatepolitics,轉錄,黃國昌,fb,民進黨,有,人民,當,頭家
hatepolitics,新聞,國民黨,反攻,罷免,羅智強,字
hatepolitics,討論,有,誰,願意,賴,總統,理想,服,兵役
hatepolitics,討論,台積電,是,綠共,賤賣,了,綠共,搞垮,了
hatepolitics,討論,賴清德,夜郎,自大
hatepolitics,新聞,武統,台灣,非,言論,自由,卓榮泰,強悍,表態
hatepolitics,黑特,慟,八囧,檢舉
hatepolitics,黑特,私生子,重用,廖培丫
hatepolitics,討論,言,之,地,動,山,搖,是,是,開始
hatepolitics,新聞,鍾明軒,崩潰,每,哭,暫離,台灣,認
hatepolitics,討論,民進黨,開放,萊豬,進,台灣,超過,換到,啥
hatepolitics,討論,什麼,時候,政黑,的,社會,新聞,那麼多
hatepolitics,討論,吳怡萱,鍾小平,是,民進黨,側翼
hatepolitics,討論,民進黨,罷免,北檢,比,少林,足球,強雄,垃圾
hatepolitics,新聞,習近平,離場,張又俠,無視,爆
hatepolitics,討論,罷免,的,之後,補選,綠營,勝率,高
hatepolitics,討論,愛支病,患者,愛,去,中國
hatepolitics,討論,高雄,特別,容易,出現,變異,立委
hatepolitics,討論,支那,史觀,上,元,帝國,屬,屬於,中國
hatepolitics,新聞,藍營,質疑,鳳山,跑,校,馬拉松,獎盃,疑似,淘寶貨
hatepolitics,新聞,排隊,連署,罷免,羅智強,青鳥,高潮,曬,照
hatepolitics,討論,境,外,敵對,勢力,結果,拿,身分證
hatepolitics,討論,沈伯洋,淘寶,定義為,敵對,商業,實體
hatepolitics,討論,郭智輝,是,豪洨,魔人
hatepolitics,討論,老共,敢,打,青鳥,參軍
hatepolitics,黑特,罷免,是,財畫法,讓,某些,城市,餅,變小
hatepolitics,討論,我,認為,有,雙重,國籍,的,人,沒,資格,投票
hatepolitics,討論,馬英九,當年,是,是,政治,追殺,傅崐萁
hatepolitics,討論,開始,大,罷免,後,開始,兵,兇,戰,危
hatepolitics,討論,挑釁完,對方,動手,支持,挑釁,的,幫
hatepolitics,討論,鍾明軒,暫離,台灣,是,去,中國
hatepolitics,討論,李登輝,當政,的,期間,房價,暴漲
hatepolitics,討論,有,說,今天,獎座,出包,的,立委,是,kmt,的,怎樣
hatepolitics,討論,韓國,反,中
hatepolitics,公告,本,板,分身,違規,之,規定,彙整
hatepolitics,討論,防止,外國人,台灣,轉生,異,世界
hatepolitics,討論,國民黨,誰,做,黨主席,比較,好
hatepolitics,討論,菲律賓,種,電,失智,列車,上,好上,滿
hatepolitics,新聞,痛,批,民進黨,人民,是,頭家,是,人民,當,人
hatepolitics,討論,游淑慧,國民黨,立委,退縮,回,選區
hatepolitics,討論,亞亞,喜歡,別人,捅,他,女兒
hatepolitics,討論,吳子嘉,放棄,賴桑
hatepolitics,討論,控,欺壓,警察,之,將,散布,不實,言論,者,提告
hatepolitics,討論,深藍,群組,版主,放話,誰,說,反共,我,踢,人
hatepolitics,討論,藍白,抵制,日本
hatepolitics,討論,芒果乾,是,是,很,好用
hatepolitics,黑特,能源署,綠電,回,台灣,每,具,可行性
hatepolitics,轉錄,henry,shawn,の,社會,看見
hatepolitics,轉錄,賴清德,瘋,吳斯懷
hatepolitics,討論,台人,太,善良,才,武統,言論,當,正常
hatepolitics,轉錄,台灣,民眾黨,政策,宣講
hatepolitics,討論,屏東,高屏溪,v.s,花蓮,大濁水溪
hatepolitics,討論,倒閣,重選,柯家,民眾黨,有
hatepolitics,新聞,回應,賴清德,美,國務院,挺,台,面對,中,施
hatepolitics,討論,白,藍,狗,只,剩,嘴
hatepolitics,黑特,某,版,翻船
hatepolitics,討論,當,民進黨,的,頭家,是,是,很,提心吊膽
hatepolitics,討論,臺中,是,是,祭,改,一下
hatepolitics,討論,親中,人士,認為,賴清德,下,選,上
hatepolitics,黑特,芬蘭,婉拒,出口,雞蛋,美國
hatepolitics,討論,正常人,知道,那,是,對岸,的,槍
hatepolitics,討論,支八板,討厭,政黑,喜歡
hatepolitics,黑特,道歉,沒有,軍事,法庭
hatepolitics,討論,軍事,法庭,納管,退伍,軍人
hatepolitics,討論,徐巧芯,仇恨值,很,高
hatepolitics,討論,罷免,葉元,之,連署,進度,報告
hatepolitics,黑特,軍審,的,祭品,找到,了
hatepolitics,討論,加拿大,考慮,取消,購買,f35
hatepolitics,新聞,美,國務院,表態,挺,台,面對,中國,施壓,總統府
hatepolitics,討論,民進黨,的,貪汙,同伴,放,出國,~
hatepolitics,新聞,館長,不忍,了,點名,藍委,開,嗆,藍營,什麼
hatepolitics,討論,覺得,賴清德,是,史,上,硬,的,民選,總統
hatepolitics,討論,國民黨,明天,動,開,反,戒嚴,反,廢死,公投,記者會
hatepolitics,討論,藍白,明確,表態,親,中,反,美
hatepolitics,黑特,亞亞,台灣,讓,我,感到,溫暖,親切
hatepolitics,討論,民眾堂,成為,傅隨,組織
hatepolitics,討論,中共,國,民主化
hatepolitics,討論,民眾黨,台南,同志,遊行,中途,烙跑,了
hatepolitics,黑特,大便,看,政黑,太,爽,…
hatepolitics,黑特,掐,脖子,翻,白眼,鬆開,手,吹,牛屄
hatepolitics,討論,大家,覺得,兵役,延長成
hatepolitics,討論,傅崐萁,出席,花蓮縣,黨部,記者會
hatepolitics,轉錄,emmy,追劇,時間
hatepolitics,討論,花蓮王,是,是,急,了,時間,狀態,差,很多
hatepolitics,新聞,訕笑,吳子嘉,諷,魏哲,家醜,胖子,徐巧芯,批
hatepolitics,討論,驚,國軍,這,是,中共,的,步槍
hatepolitics,討論,某些,言論,很,老實,避談,投降,真相
hatepolitics,新聞,住宿,享用,茶包,自助餐,台南,女,博士
hatepolitics,討論,陸軍,官校,活動,獎盃,出現,解放軍,武器
hatepolitics,新聞,突破,認知,我國,科學家,造出,“,二維,金屬
hatepolitics,討論,小草,是,是,腦子,裝,豆花
hatepolitics,新聞,中共,解放軍,戰鬥機,失事,垂直,落地,爆
hatepolitics,討論,體感,偏激,智障,低能兒,白畜,變少
hatepolitics,討論,藍白,要,的,是,國會,改革
hatepolitics,討論,藍白,說,中共,要,武統,是,言論,自由
hatepolitics,討論,陳彩虹,說,檢舉,她,提告
hatepolitics,討論,徐巧芯,找,吳子嘉,臭,台積電
hatepolitics,討論,re:,討論,低能兒,覺得,中美,開戰
hatepolitics,討論,旺旺,之,子,轉發,央視,貼文,附和,收回,中視
hatepolitics,討論,國民黨,新,世代,的,記憶點
hatepolitics,新聞,鳳山,跑,校,馬拉松,獎座,竟是,中共,突擊
hatepolitics,討論,靠,中永和,藍,還要,排隊
hatepolitics,討論,小,粉紅,吹,歸,吹,敢,打,的
hatepolitics,討論,高金素梅,是,這,國會,亂象,的,始作俑者,對
hatepolitics,轉錄,吳怡萱,fb,台灣,看緊,人民,荷包,有罪
hatepolitics,討論,許智傑,是,是,出局
hatepolitics,黑特,葉元之,戳破,賴清,希特勒,一樣,操作,國安,議題
hatepolitics,討論,最,深層,的,恐懼
hatepolitics,討論,想,過,金門,直接,賣給,中國
hatepolitics,新聞,反制,大罷免,國民黨,20日,發兵,朱立倫,集
hatepolitics,討論,中共,造型,步槍,當,獎品,太,猛
hatepolitics,新聞,傅崐萁,捲,競選,小物,案,問,這,事,跳針,狂,問
hatepolitics,討論,黃捷,是,是,天命,之,所在
hatepolitics,討論,最後,民進黨,擁,核,是,是,代表,外行,領導
hatepolitics,討論,政黑,看,許智傑,共軍,武器,事件
hatepolitics,討論,習近平,什麼,時候,下鄉,宣講
hatepolitics,討論,女,立委,蹲,男人,前面,幹嘛
hatepolitics,討論,給,沒,機會,參加,大,罷免,的,愛,台,人士,話
hatepolitics,黑特,民進黨,新,世代,的,記憶點
hatepolitics,討論,爽,民進黨,演,了,浮出,檯面,衝,罷免
hatepolitics,黑特,說,過,拿,預算,道理,砍,的
hatepolitics,黑特,藍白共,喜歡,ｎｐｃ,辯論法
hatepolitics,討論,卓仔,太,離譜,了,太,離譜,夜壺,昌貌
hatepolitics,黑特,賣,台,垃圾,廢物,龜孫,那,吹,中醫
hatepolitics,討論,髮夾彎
hatepolitics,黑特,讓,馬鷹狗,回歸,祖國
hatepolitics,討論,菲國,種,綠,電,報告,出爐,電池船,輸電,每
hatepolitics,討論,徐巧芯,的,意思,是,魏哲家,醜,得,很,開心
hatepolitics,討論,吳子嘉,挺,徐美鳳
hatepolitics,討論,罷免,吳思瑤,導正,賴清德,胡搞
hatepolitics,新聞,年輕人,最,滿意,哪,總統,他,創,經濟,奇蹟
hatepolitics,討論,美國人,挺,台灣,獨立
hatepolitics,討論,綠畜,愛,拉,無辜,的,人,下水
hatepolitics,討論,小傅,是,是,員工,特別,好
hatepolitics,討論,低能兒,覺得,中美,開戰
hatepolitics,新聞,查中,資金,流,心腹,李姓,管家,列,被告,傅崐
hatepolitics,討論,武統,講,講,武獨
hatepolitics,討論,賴清德,那邊,假惺惺,有,誰,買單
hatepolitics,討論,魏哲家,是,xx,子,那,徐巧芯,是
hatepolitics,黑特,高雄,箱型車,衝上,人行道,來,台,觀光,日籍,婦
hatepolitics,討論,賴清德,管不動,國軍,美國,下,指導棋
hatepolitics,討論,有,人,發現,國安,記者會,後,藍白,聲量,消風,了
hatepolitics,討論,賴清德,是,是,想,罷免
hatepolitics,新聞,台中,人民,頭家,宣講,何欣純,總預算
hatepolitics,討論,戰前,配置,資產
hatepolitics,討論,新北市,政府,公務員,照顧,原汁,原味
hatepolitics,討論,g7,聲明,刪除,中國,真,g8,成形
hatepolitics,討論,民進黨,的,靈堂,危機
hatepolitics,新聞,國防部,掛名,指導,鳳山,跑,校,馬拉松,獎,座,構
hatepolitics,討論,選,輸,沈智慧,的,王義川,民進黨,拿來,當,寶
hatepolitics,討論,巧芯,這樣,超過
hatepolitics,新聞,擊,綠,下鄉,宣講,大,罷免,互為,表裡
hatepolitics,討論,卓榮泰,是,謝小夫,首席
hatepolitics,討論,最,新,木炭,民調,年輕人,較,滿意,哪,總統
hatepolitics,討論,藍,白,破,腦,很,希望,中國,打,台灣
hatepolitics,討論,花蓮王,是,煉成,小牛,講,正經
hatepolitics,新聞,2026,議員,提好,提滿,黃國昌,子弟兵,拚,新北
hatepolitics,黑特,徐榛蔚,訪,日,今,返台,希望,新政府,少一點,政治
hatepolitics,討論,支八板,瘋狂,洗,吹,中國
hatepolitics,討論,木炭,民調,年輕人,支持,罷免,藍委
hatepolitics,黑特,競選,小物案,風波,延燒,傅崐萁,徐榛蔚
hatepolitics,討論,黃國昌,助理,現今,陸配,是,納,*,時期,猶太人
hatepolitics,討論,臉部,開始,驚慌,印堂,發黑,圖
hatepolitics,轉錄,特急件,小周,的,人渣,文本,開箱,徐巧芯,小物
hatepolitics,討論,藍白,慘,罷免,台中場,年輕人,超多
hatepolitics,新聞,高雄,婦,討,債,夫妻檔,殺害
hatepolitics,黑特,藍,白,賤,畜,立委,打,假,球
hatepolitics,新聞,過,勞之島,總工時,增加
hatepolitics,新聞,交長,助講,批,不務正業,搞,政爭
hatepolitics,新聞,陸,多,官媒,警告,賴,總統,穩定,份子,強
hatepolitics,黑特,不只,挖,台積電,整,拔走,美,大咖,下
hatepolitics,討論,藍,白,聯手,提,倒閣
hatepolitics,討論,賴清德,訪,中,談,台獨,六四,抓走
hatepolitics,討論,賴,阿扁,獨裁
hatepolitics,討論,小粉紅,吹完,隱形,技術,摔機
hatepolitics,討論,台積電,去,美國,設廠,的,結果
hatepolitics,黑特,馬,鷹狗,是,中國,駐,台,大使
hatepolitics,討論,巴毛,說,競選,小物,>30,是,賄選
hatepolitics,討論,笑,了,那,選舉,造勢,發,雙,主菜,便當,算,賄選
hatepolitics,討論,三立,魏汶萱,去,台北市,政府
hatepolitics,討論,八卦版,吹捧,統一,還好
hatepolitics,公告,berotec,2-9,發文,前,請,注意
hatepolitics,討論,國民黨,罷掉
hatepolitics,討論,戰爭,是,藍,白,刪,預算
hatepolitics,公告,rachung,4-6
hatepolitics,討論,民進黨,趴,地,上,享受,美國,後面,衝擊
hatepolitics,公告,cattielin,3-1 3-2
hatepolitics,討論,綠營,真實,支持率
hatepolitics,討論,大家,是,是,以為,投降,有,好,日子,過
hatepolitics,黑特,徐巧芯,我,是,笑,吳子嘉,這樣,講
hatepolitics,討論,日人,來,台,旅行,撞,重傷,政黑,car?
hatepolitics,討論,講白,了,廢掉,國防部,中國,打
hatepolitics,新聞,曾,護,謝克洋,嗆,邱議瑩,魏汶萱,掰,了,三立
hatepolitics,討論,殘體字,的,來源
hatepolitics,黑特,阿亮,罵,暐瀚
hatepolitics,討論,購賣,中國,武器,造型,當,禮物,軍法,論處
hatepolitics,黑特,郭智輝,下台,去,菲律賓,種,綠電,是,腦殘,政策
hatepolitics,新聞,民調,的,烏克蘭人,接受
hatepolitics,立委,辦,路跑,的,獎盃,淘寶,買
hatepolitics,黑特,反,政府仔,是,雙標狗
hatepolitics,討論,賴皮德,宣示完,敵國,綠委,轉頭,買,武器,送
hatepolitics,黑特,台灣人,挺,武,統,陸配,不行
hatepolitics,討論,台灣人,如何,逆境,中,求,生存
hatepolitics,討論,中國,未來,發展,個人,覺得,遇到,的,問題
hatepolitics,討論,這,時候,人民,變成,民進黨,頭家
hatepolitics,轉錄,王浩宇,threads
hatepolitics,新聞,清冠,救,了,我,賴清德,中醫藥,擔
hatepolitics,討論,台灣人,淘寶
hatepolitics,討論,武統,支配,孬
hatepolitics,討論,黃國昌,倒閣,國會,重選,你,當,大家,笨蛋
hatepolitics,新聞,亞亞,之後,更多,陸配,處罰,愛國,網紅
hatepolitics,黑特,藍白,賤,畜,下賤
hatepolitics,討論,蔣公,看,魚,逆流,上,的,課文,拿掉
hatepolitics,新聞,臭豆腐,生機,飲料,來,了,綠營,首,下鄉
hatepolitics,新聞,陸配,網紅,劉振亞,廢止,居留,中國,網友,諷,償,願,回歸,大陸
hatepolitics,黑特,選上,追殺,綠畜,好,狠
hatepolitics,討論,巧,美國,扣留,巴勒斯坦人,準備,遣返
hatepolitics,討論,罷團,預告,罷吳,總部,本,周,成立,連署,啟動
hatepolitics,新聞,amazon,google,簽署,承諾,支持,前
hatepolitics,討論,愛,國中,配,小微,哭訴,有心人,斷章取義
hatepolitics,討論,黃國昌,培養,的,罷免,志工,去,哪
hatepolitics,公告,tfct 2-9
hatepolitics,討論,你,最,喜歡,欣賞,哪,總統
hatepolitics,公告,myidis
hatepolitics,討論,陳彩虹,號召,陸配,移民署,抗議
hatepolitics,新聞,民進黨,讓,人民,失望,李艷秋,談,施政
hatepolitics,討論,避免,戰爭
hatepolitics,討論,恢復,軍審,處理,多少,共諜
hatepolitics,討論,賴清德,閣揆,選,卓榮泰,算,選對
hatepolitics,新聞,軍事,審判,法,送,立院,三讀,民眾,黨團,推
hatepolitics,討論,賴清德,讓,亞亞,帶,她,女兒,回,中國,上學
hatepolitics,黑特,怎麼版,上,的,避免,戰爭,是,親,中,舔,共
hatepolitics,討論,上演,骨肉分離,大,戲
hatepolitics,討論,謝長廷,大,罷免,是,惡,的,循環
hatepolitics,討論,獨立,是,台灣,最,好,的,選擇
hatepolitics,討論,笑死,沈伯洋,告,傅崐萁
hatepolitics,討論,0掏,告鏡,週刊,f,先生
hatepolitics,黑特,外國,領事,機構,塔綠班,控制,了
hatepolitics,黑特,綠,狗,出征,謝長廷
hatepolitics,討論,郭正亮,大笑,魏哲,家,醜,胖子
hatepolitics,黑特,私生子,變,胖,虎
hatepolitics,討論,美國,韓國,列入,敏感,國家,名單
hatepolitics,新聞,cnn,川普勒索,台積電,近,保護費
hatepolitics,黑特,合理,推論,nvidia,海外,總部,落腳,高雄
hatepolitics,討論,台海,戰爭,外,派,台幹,怎樣
hatepolitics,討論,國民黨,中共,鬥,民進黨
hatepolitics,討論,武統中,配,亞亞,離,台,前,爐,邊,談話
hatepolitics,討論,台中,的,死亡,事件
hatepolitics,黑特,倒閣,重,選,藍白,過半
hatepolitics,黑特,信,美國,話,讓,台灣,打起來
hatepolitics,黑特,有,身分證,的,講,武統
hatepolitics,討論,台中,青鳥,老人
hatepolitics,討論,八卦板,罷免,藍委,逼,中共,武統,台灣
hatepolitics,黑特,幫忙,連署,投,反對票
hatepolitics,黑特,台灣,民進黨,把持住,了
hatepolitics,新聞,怕,拉高,罷免,票數,吳子嘉,諷,魏哲家,醜
hatepolitics,討論,吳子嘉,徐巧芯,站台,了,算,藍白,自己人
hatepolitics,討論,老蔣,找,死敵,當,軍事,顧問
hatepolitics,討論,八炯,是,是,很,勇
hatepolitics,討論,館長,國昌,老師,辦,大,遊行
hatepolitics,討論,台灣人,民進黨,像,andy,張媽,的,關係
hatepolitics,討論,徐巧芯,找,吳子嘉,助講
hatepolitics,黑特,馬,鷹狗,是,中共,傳聲筒
hatepolitics,新聞,傅崐萁,涉,競選,小,物,案,起因,是,鍾小平,說
hatepolitics,討論,台灣,戰爭,越來越,近,對
hatepolitics,討論,怕,戰爭,是,是,搬去,中國
hatepolitics,討論,八炯,水準,低到,靠,杯,青鳥,收,了
hatepolitics,討論,我,說,徐巧芯,同意,魏哲家,是,醜胖子
hatepolitics,討論,中,配,恩綺,想,哭
hatepolitics,新聞,反,罷,藍,白,合,謝寒冰,願,出,辦,請,朱,立
hatepolitics,討論,有,中共,台灣,居民,身分證,除籍
hatepolitics,新聞,徐巧芯,有,特質,郭正亮,大讚,敢,站出
hatepolitics,討論,垃圾支那人,改口,害怕,回,祖國
hatepolitics,討論,3/20,去,台北,地檢署,kmt,說明會
hatepolitics,討論,要,戰爭,的,跡象
hatepolitics,討論,10,離境,太,違背,人倫
hatepolitics,新聞,賴清德,稱,對岸,是,敵對,勢力,學者,輕,判,中
hatepolitics,黑特,台灣,對付,陸配,大陸,悶,吭聲
hatepolitics,討論,腰,亞亞,宣布,帶,子女,回,祖國
hatepolitics,黑特,支持,綠電,退,農保
hatepolitics,新聞,柯建銘,現在,陳冠廷,很,好,事情,過去
hatepolitics,討論,徐巧芯,發,的,手持,風扇,有,近照,了
hatepolitics,討論,謝長廷,陳水扁,喜歡,大,罷免
hatepolitics,討論,清,德宗,是,是,很,有,引戰,的,天分
hatepolitics,討論,美國,何時,提高,台灣,旅遊,警示
hatepolitics,黑特,馬,鷹狗,的,存在,台北人,的,悲哀
hatepolitics,討論,亞亞,那,吵,移民署,人道,主義
hatepolitics,討論,美國,逼,我們,taiwan,......
hatepolitics,討論,kingking,cold,你,知道,李彥秀
hatepolitics,黑特,倒,個,垃圾,說成,是,連署,罷免
hatepolitics,討論,徐巧芯,踢爆,美國,代理人,沈伯洋,假面具
hatepolitics,討論,反共,網紅,整理,幾,領,中國,身分證,的,台灣人
hatepolitics,討論,國民黨,是,民進黨,的,理想,型態
hatepolitics,討論,鬧,中國,敢,打,敢,打,"""",""""
hatepolitics,討論,立法院,修容,緊急,應變,小組,解釋
hatepolitics,黑特,印度支那,vs,島鏈,的,守衛,邏輯
hatepolitics,討論,普丁,超神,示範,過肩摔,讓,小孩,成功,摔,大人
hatepolitics,討論,賴清德,的,真實,想法,是,什麼
hatepolitics,新聞,台中,市府,單位,接獲,恐嚇,信,警方,中國
hatepolitics,討論,還,vs.,還,稅,民
hatepolitics,討論,台海,發生,戰爭,讓,台,派,高層,轉進,美國,才
hatepolitics,討論,吳子嘉,禿頭,亮,的,外貌
hatepolitics,黑特,立委,多數,玩,這,慘況
hatepolitics,討論,韓國,首爾,明洞,反,中,大,遊行
hatepolitics,討論,石破,選舉,收受,政治,獻金,有,登載,確實,問題
hatepolitics,黑特,葉元,之,前,助理,告別式,網友,罵,家屬,畜生
hatepolitics,黑特,亞洲,司機,路,上,了
hatepolitics,討論,兩岸,和統,台灣,的,悲慘,下場
hatepolitics,討論,青鳥,什麼,時候,佔據,dcard
hatepolitics,黑特,倒閣,倒閣,怕,什麼
hatepolitics,討論,白藍,g7,刪,中,的,看法
hatepolitics,黑特,葉元之,很,倒楣
hatepolitics,討論,守住,大,罷免,有,戰事
hatepolitics,討論,告別式,放臭,政敵,的,看板,事,有,蹊蹺
hatepolitics,討論,藍白,很,希望,中國,打來
hatepolitics,黑特,徐巧芯,開始,發,東西,給,選民
hatepolitics,討論,卓榮泰,拿出,光劍,有,太空,連署站
hatepolitics,討論,我,懂,我,討厭,中國,中共,是,愛,民進黨
hatepolitics,新聞,葉元之,助理,過世,今,告別式,宋楚瑜,郝龍斌
hatepolitics,討論,台灣,情況,現在,蜀漢,很,相似
hatepolitics,轉錄,農藝,女孩,看,世界,fb,馬文君,提案,清查,種電,農保
hatepolitics,討論,黃安,什麼,時候,處理
hatepolitics,討論,國民黨,發動,倒閣,近
hatepolitics,黑特,賴清德,是,病嬌
hatepolitics,討論,中國,統一,了,藍白,生存空間
hatepolitics,討論,大,罷免,的,火,燒,完
hatepolitics,黑特,民進黨,敢,meta,google,親中
hatepolitics,討論,低卡,青鳥,的,大本營
hatepolitics,討論,謝宜蓉,才,是,霸凌,有,葉元,之,霸凌,證據,告
hatepolitics,新聞,共軍,殲,戰機,墜毀,失事,頭,下,尾,上,筆直
hatepolitics,討論,八炯,有,辦法,突破,花蓮王,心魔
hatepolitics,新聞,打麻將,喊,筒,翁曉玲,軍
hatepolitics,討論,黃國昌,助理,陸配,猶太人,賴,政府,希特勒
hatepolitics,討論,菜,英文,你,我,想像,的,還,兇
hatepolitics,討論,陸配,陸生,太,一樣
hatepolitics,討論,移民署,料到,大家,挺,驅逐,亞亞
hatepolitics,討論,藍,白,小草,期待,支那,攻,台,救命
hatepolitics,轉錄,自由,共和國,黃清龍,楊西崑,提議,改,國名
hatepolitics,討論,定義為,境,外,敵對,勢力,結果,叫囂
hatepolitics,討論,綠,共,發動,大,罷免,後,台股,看,到,恆生,車尾燈
hatepolitics,討論,八卦,政黑,洗,罷免,帶來,戰爭
hatepolitics,討論,國民黨,修法,自肥,財劃法,戰,天下
hatepolitics,討論,台灣,和平,變成,戰爭
hatepolitics,討論,沈伯洋,收,ait,錢,塔綠班,追,了
hatepolitics,黑特,超思案,政黑,熱衷
hatepolitics,新聞,朱立倫,嗆,大選,輸,蘇俊賓
hatepolitics,討論,現在,旅客,剩下來,台北,交通,比較,沒,危險,惹
hatepolitics,新聞,罷免,雙吳,總部,下,周,成立,成立,當天,宣布
hatepolitics,黑特,大,公股,銀行,分行,撤出,敵對,勢力
hatepolitics,討論,明居正,深紅,假裝,深綠
hatepolitics,討論,我,中國,恐嚇,戰爭
hatepolitics,新聞,新,昔,嗆聲,要,統戰,台灣,今,驅逐,出境,中
hatepolitics,黑特,實力,足夠,開戰,女人,太,醜,放棄
hatepolitics,討論,少子化,全球,大,罷免,做,了,什麼
hatepolitics,討論,民進黨,親,美,日,才,是,通敵,賣國
hatepolitics,討論,中國,打,台灣,經濟,崩潰
hatepolitics,討論,臺灣,是,是,獵,巫陸配
hatepolitics,新聞,赴,陸,落實,登錄,揭露,制度,觀光,業者,痛,批成
hatepolitics,黑特,看到,小,草,崩潰,喊,戰爭
hatepolitics,討論,李彥秀,你,知道,世界,上,有,雨鞋
hatepolitics,討論,中共,鳥,台灣
hatepolitics,黑特,我,懂,去,中國,報備
hatepolitics,討論,有,哪些,言論,造成,社會,安定
hatepolitics,黑特,農民,騙,種電,撤銷,農保
hatepolitics,討論,陳玉珍,舔,共,台籍,藝人,說,臭,要飯
hatepolitics,黑特,罷免,明年,當選,縣市長,的,立委,是,哪
hatepolitics,討論,國產車,賣,國外,貴
hatepolitics,討論,中國,韓國,有,能力,搶,人才,中華民國,無能
hatepolitics,討論,靠,北,說,開戰,美國,藍白,洗,小
hatepolitics,討論,丁學忠,是,大家,遺忘,仇恨值,高
hatepolitics,新聞,蒲亭,勸,降,庫斯克,烏軍,川蒲,近日,有望
hatepolitics,黑特,欠,小平叔,道歉
hatepolitics,討論,北檢,是,負責,全,台,案件
hatepolitics,轉錄,台灣,民眾黨,"""",人民,當家,"""",全民,問政,宣講
hatepolitics,討論,小草,花蓮王,關,下架,鐘,小平
hatepolitics,討論,賴清德,是,是,欠,鍾小平,人情
hatepolitics,討論,生,台灣,的,原罪,是,輩子,威脅
hatepolitics,討論,葉元之,有,做,哪,你,想,罷免,他,的,事
hatepolitics,新聞,陸委會,稱,懲罰,唱,大陸台,藝人,是,支持,陳玉
hatepolitics,討論,黃國昌,評論,傅崑萁,至尊,建築群
hatepolitics,討論,麻煩,有,兒女,的,人,幫,個,忙,拜託,拜託
hatepolitics,討論,青鳥,同事,很,焦慮,兩岸,統一
hatepolitics,討論,跑,政論,節目,的,名嘴,好,賺
hatepolitics,黑特,中國,配偶,驅逐,出境,的,原因,台灣人,不了,絹
hatepolitics,黑特,花蓮,老,窮,傅崑萁,蓋,豪宅
hatepolitics,黑特,陳玉珍,翁曉玲,考,上,律師,司法官
hatepolitics,討論,北檢,讓,民進黨,好,安心
hatepolitics,討論,中國,開戰,有,甚麼,好
hatepolitics,討論,罷免,的,下,換,選區,好
hatepolitics,新聞,超,催,淚,小草,母親,分享,柯文哲,暖心,舉動
hatepolitics,討論,tpp,備位,立委,李貞秀,今日,陸配,昔日,猶太人
hatepolitics,討論,葉元之,逝世,前,助理,的,追思會,葉元之,進
hatepolitics,討論,話,形容,民進黨,支持,者,的,素質
hatepolitics,轉錄,陳佩琪,peggy,fb,謝謝,您,給,我,這麼,好,的,先生
hatepolitics,討論,鍾小平,背,刺,白,老k
hatepolitics,討論,這些,罷團
hatepolitics,討論,大家,看到,討論
hatepolitics,討論,傅崐萁,垮,了,黃國昌,怎麼辦
hatepolitics,討論,夫人,上,的,新聞,是,去年,國慶
hatepolitics,新聞,傅家,至尊,建築群,籠罩,神秘,面紗
hatepolitics,討論,柯志恩,目前,是,公投,綁,大,罷免,推動
hatepolitics,討論,中間,選民,出聲,綠蛆,搞,戰爭
hatepolitics,討論,蕭敬嚴,楊智伃,霸凌,同事
hatepolitics,黑特,武統,不行,台獨,你們,雙標,國安
hatepolitics,討論,返校,出
hatepolitics,黑特,有,朱立倫,存在,kmt,翻身,很,可憐
hatepolitics,黑特,中,日,韓,結盟,vs,清德,掀,屁眼
hatepolitics,新聞,傅崐萁,管家,李慶隆,譏,罷團,賣
hatepolitics,轉錄,政經,關不了,花蓮王,需要,陸資,贊助
hatepolitics,黑特,移民署,亞亞,離境,執行
hatepolitics,舊聞,fb,黃國昌,我國,制訂,併吞,滲透,法
hatepolitics,討論,國家,有,的,機會
hatepolitics,討論,台北,下,大雨,罷免,王鴻薇,絡繹不絕
hatepolitics,討論,馬英九,賴神,的,外交,能力,誰,比較,強
hatepolitics,黑特,軍法,恢復,我,覺得
hatepolitics,討論,民進黨,叫,王世堅,號召,群眾,罷,王鴻薇
hatepolitics,黑特,叫,愛國人,簽下去,是,什麼,心態
hatepolitics,黑特,天訥,柯文哲,下幹
hatepolitics,討論,習近平,是,小草,的,敵人
hatepolitics,黑特,陳揮文,讓給,民眾,黨,選,國民黨,死光
hatepolitics,新聞,全,台,大,罷免,台中,藍委,全,罷,綠,首,宣講
hatepolitics,新聞,美,共和黨,眾議員,提案,中華,台北,改稱,台灣
hatepolitics,新聞,大罷免,是,不幸,事件,謝長廷,台灣,變
hatepolitics,討論,癩,特勒,當年,邀請,習近平,來,台灣,喝,珍奶
hatepolitics,黑特,美,議員,給,讓,境,內,所有,網站,中華,台北,改稱,台灣
hatepolitics,新聞,桃園,暴雨,八德,住家,淹,民眾,抱
hatepolitics,討論,青鳥,心思,只,大,罷免,大家,是,害怕,國際局
hatepolitics,討論,賴清德,親,中,愛,台,無,政治,目的
hatepolitics,討論,葉元之,有,辦法,回去,選,議員
hatepolitics,討論,票,投,民眾黨,台灣,才,長治久安
hatepolitics,討論,北約,說,俄,烏,戰爭,結束,後,俄羅斯,恢復,正常,關係
hatepolitics,黑特,高雄,夫妻,狠心,殺害,討債,婦,棄屍,途中,凶
hatepolitics,討論,3/20,台北,地檢署,阿伯,我們,是,您,的,守護,者
hatepolitics,討論,議員,收賄,就,中共,老招
hatepolitics,黑特,督戰隊,老闆,兒子,國外
hatepolitics,討論,賴清德,台灣,做,了,什麼
hatepolitics,討論,歐洲,議會,禁止,華為,說客,進入
hatepolitics,討論,美國,代理人,沈伯洋,放過,台灣人
hatepolitics,黃國昌,是,是,下,滅,藍,的,大,棋
hatepolitics,討論,館長,認了,中共,多,邀約,工商,宣傳,觀光
hatepolitics,討論,網軍,近日,風向,話題
hatepolitics,討論,葉元之,現在,主動,請辭,是,是,好看,一點
hatepolitics,新聞,跟進,下鄉,張啓楷,民眾黨,民進黨,的
hatepolitics,討論,死者,是,側翼
hatepolitics,討論,操,國民黨,內,有,多少,葉元之
hatepolitics,新聞,中,分裂,國家,法,座談會,藍,黨員,國民
hatepolitics,討論,當初,是,金,小刀,出來,操盤,這麼,慘
hatepolitics,討論,民進黨,是,害死,人
hatepolitics,新聞,g7,外長,聲明,刪,中國,政策,中方,跳腳,堅
hatepolitics,討論,盧,選,得,上,黨主席
hatepolitics,新聞,瞎,吳子嘉,嗆,魏哲家,醜,胖子,徐巧芯
hatepolitics,黑特,叫,他,私生子
hatepolitics,討論,現在,看,八卦,曾國城,裁,那
hatepolitics,黑特,柯,總召,馬鷹狗,是,詐騙,集團,始祖
hatepolitics,討論,藍白粉,喜歡,國際,聲音,挺,台
hatepolitics,討論,傅崐萁,砍掉,八炯,補選
hatepolitics,討論,吳子嘉,跑去,徐巧芯,站台,反,惡
hatepolitics,討論,民進黨,想,統一,放棄,治國
hatepolitics,黑特,uncle,topher,美國,叔叔,胡,教官,的,兵推,訪談
hatepolitics,新聞,批,藍,白,騙,柯建銘,國民黨,發動,罷
hatepolitics,討論,吳子嘉,台積,魏哲家,醜,胖子,徐巧芯,笑
hatepolitics,討論,台中,水安宮,現場,涼
hatepolitics,討論,國民黨,的,公投,死,很,慘
hatepolitics,黑特,抵制,葉元之,罷免,拒,看,有,他,的,節目,起
hatepolitics,黑特,民進黨,藍,白,紅,吹,的,很,厲害
hatepolitics,轉錄,回顧,俄烏,戰爭,前,司機,的,作為,臺灣,中
hatepolitics,新聞,綠委,拚,國安法案,會期,四月,起,炒熱,大罷免,投
hatepolitics,討論,認真,台灣,戰爭,越來越,近
hatepolitics,黑特,阿罷之,救,了,分析
hatepolitics,討論,陳亭妃,林岱樺,市長,十拿九穩
hatepolitics,討論,北檢,是,醫生,鳥鳥,轉移,話題
hatepolitics,討論,反,廢死,公投,浪費,公帑
hatepolitics,討論,藍,白,修法,上,總統,罷免,的,可能性
hatepolitics,討論,內政,委員會,下,排審,恢復,假
hatepolitics,討論,小草,現在,有,什麼,作為
hatepolitics,黑特,2029年,台灣,在
hatepolitics,討論,國民黨,是,唯一,中共,開戰,過,的,黨
hatepolitics,討論,美國,洽購,丹麥,雞蛋,xdddddddddd
hatepolitics,討論,割讓,金馬,換,和平,協議,各位,ok
hatepolitics,討論,林家興,threads,貼,了,抗,綠,保,臺,t
hatepolitics,討論,趙天麟,曹董,發抖,中
hatepolitics,黑特,是,簽,和平,協議
hatepolitics,討論,推,我,是,台灣人,我,併吞
hatepolitics,討論,中國人,選,自己,總統,台灣,願意,歸
hatepolitics,討論,國昌,老師,是,罪犯,剋星
hatepolitics,討論,傅崑萁,的,園丁,買,股票
hatepolitics,討論,愛,中國,是,你,自由,提到,武統
hatepolitics,討論,親共,立委,這,完
hatepolitics,黑特,老婆,簽,忠誠,切結書,辦
hatepolitics,新聞,江和樹,卸任,主委,成,民眾黨,改革,首,例,簡千
hatepolitics,討論,柯志恩,謝龍介,有,希望
hatepolitics,黑特,現在,敢,喊,武統,的,中配,是,假,愛國,真,台獨
hatepolitics,黑特,懷念,馬英九,時代,的,和平,繁榮
hatepolitics,討論,藍白,說,是,是,讀書,犯法
hatepolitics,討論,陳揮文,蔡英文,是,垃圾,我,說,我,負責
hatepolitics,討論,中國人,沒有,皇帝
hatepolitics,討論,冒,大雨,罷免,徐巧芯,批,流氓,中指,看
hatepolitics,討論,傅崐萁,後面,這,是,統促黨,謝啟大
hatepolitics,討論,z2wen,請,進,有關,你,口,中,的,政治,和尚
hatepolitics,討論,笑死,台灣,表妹,開始,刪,影片
hatepolitics,新聞,陸配,亞亞,依親,居留,廢,移民署,今,強硬,聲明
hatepolitics,討論,王浩宇,是,賭爛,賴清德
hatepolitics,討論,你,最,喜歡,的,政論,節目,名嘴
hatepolitics,討論,開戰,多久,輪到,替代役,上
hatepolitics,討論,告白,失敗,整肅,情敵,有用
hatepolitics,討論,台灣,整,喊,台灣,當歸,的,中國人,有病
hatepolitics,討論,台中,寶,罷,盧媽,總統,有望
hatepolitics,討論,美國,缺,蛋,賴特勒,找,超思,幫忙
hatepolitics,黑特,你,老闆,叫,你,簽,忠誠,切結書,有,什麼,問題
hatepolitics,討論,陳彩虹,台灣,美國,是,中國,分割,部份
hatepolitics,討論,看,俄國,倒退,中國,最,怕,台海,戰爭
hatepolitics,討論,八炯,有,當初,吳宜農,的,氣場
hatepolitics,討論,外交部,希望,中國人,選,自己,的,總統
hatepolitics,討論,藍,公布,綠共,紅共,資料
hatepolitics,討論,北檢,不一,自打臉,憨,鳥,護航
hatepolitics,討論,美軍,來,了,進,台海
hatepolitics,討論,洪姊,當初,是,甩掉,男友
hatepolitics,討論,支持,武統,言論,入,刑法
hatepolitics,討論,何時,宣布,台灣,獨立,改成,台灣
hatepolitics,討論,yahoo,奇摩,的,軍審,民調
hatepolitics,黑特,大陸,的,想法,原,影音
hatepolitics,討論,是,什麼,的,魔力,讓,立委,瞎,投
hatepolitics,新聞,美股,狂跌,後,華爾街,吐槽,川普,讓,中國
hatepolitics,討論,賴,讓,藍白微,體驗,中國
hatepolitics,黑特,石破,說,他,送,商品券,給,議員
hatepolitics,黑特,中國,是,敵對,勢力,處理,台灣人
hatepolitics,新聞,傅崐萁,質疑,北檢,沒,管轄權,北檢,反駁
hatepolitics,討論,打起來
hatepolitics,討論,民進黨,開始,的,存在,違憲
hatepolitics,討論,現在,是,台積,出走,戰,此刻
hatepolitics,討論,台灣,尹錫悅,出現
hatepolitics,討論,有錢,哪,等級,佣人,蓋,職工,宿舍
hatepolitics,黑特,洪慈庸,這,態度,落選,好
hatepolitics,新聞,傅崐萁,管家,搜,林延鳳,曝,傅,申報,收入,僅
hatepolitics,討論,開啟,上帝,視角,後
hatepolitics,討論,蛤,亞亞,的,老公,小孩,是,台灣人,帶,人
hatepolitics,討論,小三通,斷,動員戡亂,實施
hatepolitics,轉錄,花蓮,觀光,粉絲團
hatepolitics,討論,啞啞,小孩,回,支那,很,高興
hatepolitics,討論,烏俄,戰爭,的,次要,輸家,美國
hatepolitics,新聞,金賽綸,求救,金秀賢,全,是,假,寄,存證,信函
hatepolitics,討論,洪,姐姐,出來,當年,訴求,道歉
hatepolitics,討論,大,罷免,成功,重選,失敗
hatepolitics,討論,蔡英文,說,賴清德,很,兇,藍白,信邪
hatepolitics,討論,翁,嗆,燈泡,媽,格局,夠
hatepolitics,討論,現在,哪些,立委,肯定
hatepolitics,討論,曾國城,掉,代言
hatepolitics,轉錄,陳文君,fb -柯,民進黨,名義,沈,要,錢
hatepolitics,討論,這,人,罷免,成功率,高低,大家,認為,排
hatepolitics,討論,請問,賴清德,台灣人
hatepolitics,討論,說真的,德意志,滿,有,梗
hatepolitics,討論,藍委,罷免,後,藍,白,共,推,人,補選,的,可能
hatepolitics,討論,反,綠,的,是,通匪
hatepolitics,黑特,板,上,有,純,蔥粉
hatepolitics,討論,林智堅,有,選
hatepolitics,新聞,統戰,手,搖,飲,陸籍,老闆娘,收函,文,移民署
hatepolitics,討論,羅廷瑋,是,有,魔力,柯文哲,繼兄,拿來,用
hatepolitics,討論,稱呼,中國,工作,的,臺灣人,比較,好
hatepolitics,討論,最近,恢復,軍法,審判
hatepolitics,討論,台中,花蓮,有,宮,台北,來,宮,阿
hatepolitics,討論,澤倫,司機,開戰,前,有,定義,過,敵國
hatepolitics,舊聞,馬英九,訪,中,後,藍營,擬,修,滲透,法,賴清德
hatepolitics,討論,賴清德,點名,是,是,小心
hatepolitics,討論,andy,事件,政府,是,是,修,公司法
hatepolitics,討論,晚上,後,新聞台,政論,全部,綠化,了
hatepolitics,討論,小,傅家,園丁,月,薪水,多少
hatepolitics,討論,我,認為,柯粉,挺,傅崐萁,的,理由
hatepolitics,黑特,呱吉,撐到,訂閱
hatepolitics,討論,整,民進黨,鍾小平
hatepolitics,黑特,三立,新聞,打臉,軍法,說
hatepolitics,黑特,小草,怕,戰爭
hatepolitics,轉錄,翁曉玲,hsiao-ling,weng,傅崐萁,柯文哲
hatepolitics,討論,龍介兄,是,是,時間軸,概念,好
hatepolitics,黑特,我,是,台灣人,我,翻,綠
hatepolitics,新聞,劉書彬,遞補,民眾黨,立委,學生,爆,她
hatepolitics,討論,小草,是,是,超級,矛盾
hatepolitics,討論,是,是,禁止,敵對,勢力,做生意,了
hatepolitics,討論,說真的,小草,恨,陳其邁,高雄
hatepolitics,轉錄,石明謹
hatepolitics,討論,藍,青年軍,反駁,剿共,的,軍事,法庭
hatepolitics,討論,鳥鳥,做,觀光業
hatepolitics,討論,川普,你,想要,挑釁,你,大,很多,的,人
hatepolitics,新聞,賴,總統,拋,恢復,軍審,國民黨團,提,公投案,反
hatepolitics,討論,支那,變,敵對,關係,修法
hatepolitics,討論,中,日,韓,fta,邀,台灣
hatepolitics,轉錄,事實,盛於,雄辯,新北市府,打臉,蝦
hatepolitics,討論,閩南人,統治,美國,半導體業,閩南,牛逼
hatepolitics,討論,未來,美國,出賣,台灣,怎樣,的,型態
hatepolitics,討論,有,說,辦,傅崑棋,辦,新竹,棒球場
hatepolitics,黑特,哭哭慘慘,我,喊,制裁,中國,還要,氰鳥,罵
hatepolitics,討論,大徹大悟,決定,背骨
hatepolitics,討論,賴桑,是,是,臭,蔡英文
hatepolitics,討論,我,心,有,愛,不忍,讓,台灣,傾敗,求,沈,黑熊,放過
hatepolitics,討論,利用,兒童,拍攝,效忠,中共,影片,的,人,違反,兒少法
hatepolitics,討論,綠色恐怖,逼,陸籍,配偶,表態
hatepolitics,討論,民進黨,執政,匪諜,越來越,多,恢復,軍審
hatepolitics,討論,賴清德,越來越,像,andy
hatepolitics,討論,賴清德,台灣人,拉到,戰爭,列車,上
hatepolitics,討論,缺,電,是,馬英九,害
hatepolitics,黑特,台灣,太,自由,賴總,硬,起來
hatepolitics,討論,藍,白,中配,接受,黨,的,鐵拳,是,親切,開心
hatepolitics,討論,台灣人,有,辦法,烏克蘭人,打成,這樣
hatepolitics,討論,身邊,出現,爪耙子,的,經驗
hatepolitics,討論,可能,北檢,約談,過,鍾小平
hatepolitics,新聞,自由,廣場,保護,台灣,安全,拔起,統戰,中
hatepolitics,討論,大,罷免,白色,得利
hatepolitics,討論,張忠謀,評價,青鳥,大,罷免
hatepolitics,討論,以後,選舉,對
hatepolitics,新聞,罷免,綠委,最,新,進度,曝,藍,青年,下,星期,進
hatepolitics,討論,朱立倫,喜,供,小
hatepolitics,轉錄,推特,rep. riley,moore
hatepolitics,轉錄,台灣,是,一步步,走到,現在,這樣
hatepolitics,討論,蔡英文,是,讓,賴清德,哭出來
hatepolitics,黑特,私生子,開箱,地雷,情人節,禮物
hatepolitics,討論,小草,開始,傅崐萁,辯護,了
hatepolitics,黑特,馬,鷹狗,說,中國,是,境,外,敵對,勢力
hatepolitics,討論,有,境,外,敵對,勢力,戒嚴
hatepolitics,討論,罷免,後,選,的,優勢方
hatepolitics,新聞,中國,亂,污,賴清德,兩岸,和平,破壞,者,台聯
hatepolitics,討論,黃國昌,賴清德,你,告訴,我,理由
hatepolitics,討論,民進黨,支持,者,批鬥,軍公教
hatepolitics,新聞,台積電,出錢,救,intel,郭智輝,認知,作戰
hatepolitics,討論,修容,小組,羈押
hatepolitics,黑特,北,國民黨,前,黨部,代表,變成,台胞,代表
hatepolitics,黑特,高雄,男,大生,陳屍,前鎮河
hatepolitics,討論,現在,剩,誰,救,國民黨,度過,這,罷免,危機
hatepolitics,討論,戰,戰,我們,台灣人,怯戰,戰
hatepolitics,討論,國民黨,處理,鍾小平,讓,藍委,罷掉
hatepolitics,新聞,玩,真,的,川普,稱,兼併,格陵蘭
hatepolitics,新聞,全,台,唯一,地方,首長,陳其邁,出席,輝達,gtc
hatepolitics,黑特,韓國,柯黑
hatepolitics,討論,趙少康,打,戰爭牌,打過來
hatepolitics,討論,國民黨,是,藍賊,沒,錯
hatepolitics,討論,賴清德,的,手段,很,兇殘
hatepolitics,討論,阿杯,是,綠色恐怖,軍法,政治犯
hatepolitics,黑特,賴清德,抓,國軍,夠,傅崐萁,抓
hatepolitics,討論,媽祖,當時,支持,兩岸,統一
hatepolitics,黑特,八卦版,現在,是,很,純,的,紫色
hatepolitics,新聞,任職,國民黨,他,代表,台灣,同胞,陸
hatepolitics,討論,矽盾,送人,了,才,引戰
hatepolitics,討論,家寧,一家人,現在,全,家,加入,民眾黨,有救
hatepolitics,討論,民進黨,思考,走回,蔡英文,路線
hatepolitics,轉錄,吳怡萱,fb,民進黨,敢,面對,軍審,制度,大,轉彎
hatepolitics,討論,傅崐萁,搜索,王鴻薇,擒,賊,擒,王
hatepolitics,討論,搜索,傅家,是,必要,的
hatepolitics,討論,usaid,呱吉,頻道,關
hatepolitics,黑特,關心,高雄人,政黑,小,粉綠,氣
hatepolitics,討論,顧立雄,稱,過往,軍審,違憲,那,以前,判決,處理
hatepolitics,討論,andy,雲林人,張家,吃乾,抹盡
hatepolitics,討論,大,罷免,後,國民黨,分裂
hatepolitics,新聞,統戰,手搖飲,闆娘,約談,移民署,曝查
hatepolitics,討論,美國,亞利桑那,州長,宴請,台g,供應鏈
hatepolitics,討論,台灣,搞,最後
hatepolitics,討論,台獨,中華民國,法律,對付,討厭,共產黨,的,人
hatepolitics,討論,黃國昌,賴清德,這,搞,法,傷害,台灣
hatepolitics,新聞,代誌,大,歷年,最,清查,雲林,逾,農
hatepolitics,討論,清大,法律,之,恥,提出,的,公投,阻擋,軍事法
hatepolitics,討論,誰,說,國民黨,反共,踢出,群組
hatepolitics,討論,藍,白,是,國會,多數,提,公投,笑死,xd
hatepolitics,討論,藍蛆,進來,想,問,你們,看,大,罷免
hatepolitics,新聞,逾,佛弟子,挺,罷免,正定,法師,曹興誠
hatepolitics,討論,小草,是,是,太,自我,感覺,良好
hatepolitics,討論,翁曉玲,我,的,軍審,不同於,你,的,軍審
hatepolitics,黑特,撤換,傅崑萁,切割,黃國昌,有,搞頭
hatepolitics,討論,乃伃,哪裡,去,了
hatepolitics,討論,朱立倫,是,李登輝,傳人
hatepolitics,新聞,快訊,認,查,競選,小物,案,傅崐萁
hatepolitics,討論,來,追殺,抓烙單
hatepolitics,新聞,選舉,小物案,搜索,傅崐萁,停止,追殺,在野黨
hatepolitics,討論,小草,爆文,挺,傅崐萁
hatepolitics,轉錄,溫朗東,fb,傅崐萁,是,我,告發
hatepolitics,討論,賴清德,想,幹嘛
hatepolitics,討論,你,各位,買,的,修,指甲組
hatepolitics,討論,國民黨,放任,鍾小平,游淑慧,自作自受
hatepolitics,討論,藍白,消費,柯爸,衝,罷免,不,同意,票,很,夭壽
hatepolitics,討論,亞亞,生,台女,生,小孩
hatepolitics,新聞,馬英九,籲,賴清德,收回,新,兩國論,境,外
hatepolitics,討論,全部,是,賴清德
hatepolitics,黑特,國民黨,放飛,了
hatepolitics,討論,高嘉瑜,未來,黨,內,人緣,鍾小平,好
hatepolitics,討論,邊境,沙皇,全,遣返,拆散,家庭
hatepolitics,黑特,賴清德,刺激,中共,大,罷免,操作
hatepolitics,討論,藍,綠,同意,軍審,等於,人脈,關係
hatepolitics,討論,賴清德,是,是,台灣,最,好,的,選擇
hatepolitics,討論,亞亞,對岸,噴爛
hatepolitics,討論,全,台,最,希望,中共,射,飛彈,是,賴清德
hatepolitics,黑特,民進党,搜索,最,大,在野黨,黨鞭,的,家
hatepolitics,黑特,威廉,你,是,小孩,國家,推向,戰爭,邊緣
hatepolitics,新聞,日,普發,議員,商品券,惹議,石
hatepolitics,討論,藍白,是,是,想,保衛,中華民國
hatepolitics,討論,傅崐萁,競選,小物,來自,陸資
hatepolitics,黑特,撕,髮,迫害
hatepolitics,討論,八卦,熱議,傅崑琪,阿北,一樣,迫害,了
hatepolitics,討論,南韓,讚揚,北韓,關
hatepolitics,新聞,台灣,民意,基金會,民調,大,罷免,警鐘,響,過半
hatepolitics,討論,黃國昌,主人,傅崑其,吹簫,小平
hatepolitics,討論,傅崐萁,下去,所有人,是,好事
hatepolitics,討論,台灣,烏克蘭,一樣,慘
hatepolitics,舊聞,獨家,藍委,呂玉玲,送,傅崐萁,的,修容組,涉
hatepolitics,討論,國蔥,老師,是,是,下,很,大,棋
hatepolitics,討論,黃國昌,敢,評論,國民黨,的,死亡,筆記本,連署
hatepolitics,討論,中國,中共,是,是,看
hatepolitics,討論,傅崐萁,賴清德,追殺,我
hatepolitics,討論,國民黨,現在,指揮,的,人,是,誰
hatepolitics,討論,游盈隆,賴清德,恢復,軍審,睿智,正確
hatepolitics,討論,這樣,檢調,很,早,布局,抓,傅子文
hatepolitics,黑特,~,民進黨,塔綠班,是,髮夾彎,大師
hatepolitics,轉錄,恢復,軍審制,藍,綠,激辯,翁曉玲,陳永康,徐
hatepolitics,討論,朱立倫,我們,是,台灣,境,外,敵對,勢力,國民黨
hatepolitics,討論,抄,資料,抄,年輕,ㄧ點
hatepolitics,舊聞,爆,收,傅崐萁,競選,小物,鍾小平,急,改
hatepolitics,黑特,笑死,中國,國民黨,立法院,修容,小組,集結
hatepolitics,黑特,以前,有,守護,國安,的,懲治,叛亂,條例
hatepolitics,討論,賴德清,是,清算,力度,這麼,強,的,總統
hatepolitics,討論,我,反共,罷免,我,有救
hatepolitics,討論,民主,的,戒嚴,民主,的,軍法,審判,是,是,比較,特
hatepolitics,黑特,習近平,來,台灣,救,傅崐萁
hatepolitics,討論,黃捷,罷免,團體,提告
hatepolitics,討論,反,軍審,反,戒嚴,公投
hatepolitics,黑特,青鳥,否認,賴清德,這,個,人,意識,形態,很,重
hatepolitics,討論,小草,aka,禮貌,鄉民團,開始,營救,阿北
hatepolitics,討論,陳東豪,帶走,的,是,傅崐萁,投資,的,人
hatepolitics,討論,戒嚴,警總,押,人,取,供,是,什麼,黨
hatepolitics,討論,台海,開戰,andy,是,是,最,慘
hatepolitics,討論,鍾小平,標準,的,藍,皮,綠,骨,沒,啥,懸念,了
hatepolitics,討論,黃捷,罷團,搞成,市長
hatepolitics,新聞,恢復,軍審,列,最,高,機密,傳,總統,要,沈伯洋,擔
hatepolitics,討論,國民黨,20日,啟動,全,台,政策,說明會
hatepolitics,討論,中配,放棄,中共,國籍,才,對
hatepolitics,黑特,鍾小平,認了,收,傅修容組
hatepolitics,討論,中配,查,開始,裝,孬
hatepolitics,討論,傅崐萁,做,最後,掙扎
hatepolitics,討論,朱立倫,出來,聲援,傅崐萁
hatepolitics,討論,小草,痛罵,揭弊,者
hatepolitics,討論,2026,八炯,當,花蓮,縣長
hatepolitics,黑特,國昌,舔,人,滿,那,人,倒
hatepolitics,討論,小草,抵制,富邦,後,抵制,大谷
hatepolitics,討論,鍾小平,仗義執言,加入,民進黨,沒,問題
hatepolitics,討論,柯粉,是,是,開,mg
hatepolitics,討論,笑死,過,了,蘇花,殺人,無罪
hatepolitics,黑特,靠,曹董,策動,佛門,挺,大,罷免,徐巧芯,殺佛
hatepolitics,討論,八卦,網軍,陰,了
hatepolitics,黑特,阿德,這,敵對,勢力,是,戰狼,個性
hatepolitics,討論,日後,地球,變,這樣
hatepolitics,討論,中國,是,敵國,那,開始,侮辱,他們
hatepolitics,討論,疑,美板,言論,越來越,激進,可怕
hatepolitics,黑特,移民署,軟
hatepolitics,討論,兩岸,開戰,飛彈,炸,哪裡
hatepolitics,黑特,雜草,反,dpp,噁心,成,這樣
hatepolitics,轉錄,溫朗東,threads,修容組案
hatepolitics,討論,藍,白,哪,支持,武統,網紅,亞亞
hatepolitics,討論,國共,內戰,我們,贏,了
hatepolitics,討論,民進黨,的,敵人,有,弊案
hatepolitics,討論,小草,現在,是,顯學
hatepolitics,討論,lol,反攻,成功,那,下,是,實體,戰爭
hatepolitics,黑特,有,硬,的,總統,不錯
hatepolitics,討論,馬英九,陷,國家,不義,苦難
hatepolitics,轉錄,黃暐瀚,fb,併吞,反,統戰,對抗,境,外,敵對
hatepolitics,討論,慕容傅,是,是,出事
hatepolitics,新聞,朱,主席,賴清德,成為,國際,兩岸,台灣,民主
hatepolitics,討論,89,整,你,家門,口,亮,槍,說,你,家,他
hatepolitics,討論,你,罷免,我,我,罷免,你
hatepolitics,討論,賴中強,支持,的,大同,公司,派,下台,了
hatepolitics,討論,我,開始,相信,賴桑,打算,讓,中華民國,偉大
hatepolitics,討論,賴清德,鼓吹,戰爭,仇恨,是,言論,自由
hatepolitics,討論,言論,審查,是,潘朵拉,的,盒子
hatepolitics,新聞,傅崐萁,住家,職工,宿舍,搜索,藍委,批,擒
hatepolitics,討論,中,配,亞亞,輕輕,放下
hatepolitics,黑特,誰,是,右,統
hatepolitics,討論,黃國昌,人,送,洪仲丘,的,感動,記得
hatepolitics,討論,柯粉,你們,批評,呱吉,什麼
hatepolitics,黑特,陸配,刪,抖音
hatepolitics,討論,中共國,算,我國,境,外,“,友好,”,勢力
hatepolitics,討論,阿館,晚上,挺,傅
hatepolitics,討論,黃國昌,賴清德,宣布,辭職,重選
hatepolitics,黑特,立委,電視台,辦,一下
hatepolitics,討論,川普,承認,併吞,格陵蘭
hatepolitics,討論,藍,白,總預算,亂,刪,的,現世報,來,了
hatepolitics,討論,認知,作戰,的,專家,收買,是,是,很,大
hatepolitics,新聞,台南,東,區長,接到,共青團,信件,政風單
hatepolitics,討論,認真,說,鍾小平,是,是,很,強
hatepolitics,討論,南部人,超,討厭,爪耙子,賴清德,重用,沈伯洋
hatepolitics,討論,有,綠,的,本土,政黨
hatepolitics,討論,我們,打贏,中國
hatepolitics,討論,媽媽,遣送,回,中國,那,小孩
hatepolitics,討論,花蓮王,是,是,很,猛
hatepolitics,新聞,國民黨,捍衛,民主,自由,推動,理性,國安
hatepolitics,討論,憨,鳥,準備,綠,高官,上,戰場
hatepolitics,新聞,朱立倫,國民黨,支持,軍事,審判,健全化
hatepolitics,黑特,賴清德,挑釁,中共,政,黑,網民,全,怒
hatepolitics,黑特,我,他們,說話
hatepolitics,討論,給,亞亞,機會
hatepolitics,討論,鍾小平,是,國民黨版,的,王世堅
hatepolitics,新聞,賴清德,恢復,軍事,審判,徐巧芯,痛罵
hatepolitics,討論,臺灣,表妹,舔,共,長,得,不錯
hatepolitics,討論,日本,聲優,辱,華,撤換,了
hatepolitics,討論,徐巧芯,痛罵,抓,共諜,非常,糟糕
hatepolitics,新聞,哪,法律,搜索,傅崐萁,鄭銘謙,北檢
hatepolitics,討論,美,中,對抗,下,的,川普
hatepolitics,新聞,有,機會,到,台灣,打,開幕戰,大谷,回應,了,很,棒
hatepolitics,討論,總統,官宣,中國,是,境,外,敵對,勢力,很,危險
hatepolitics,新聞,國民黨團,反制,賴清德,提,軍審,公投
hatepolitics,討論,想,問,綠淫,什麼,時候,去,聯合國,嗆聲
hatepolitics,討論,我,藍白,騙,了
hatepolitics,討論,藍,白,是,不同,的,政黨,青鳥,誤導,人
hatepolitics,討論,徐巧芯,出賣,傅崑其
hatepolitics,討論,塔綠班,開示,一下,軍法,復辟,是,什麼
hatepolitics,討論,凍結,內含,租金,補貼
hatepolitics,討論,花蓮王,搜索,驚見,投資,董事,園丁
hatepolitics,討論,賴清德,早,執政,台灣,更,好
hatepolitics,討論,民進黨,沒有,思想家,現在,除,垢
hatepolitics,新聞,喊,武統,不行,算,箝制,言論,自由,黃國昌
hatepolitics,新聞,傅崐萁,員工,搜,她,曝,立院,詭異,藍委
hatepolitics,討論,國昌,何時,聲援,花蓮王
hatepolitics,黑特,鐘小平,是,是,神機妙算
hatepolitics,討論,黃國昌,有,非常,實體,的,罷免,活動
hatepolitics,討論,鴻薇,夜市,是
hatepolitics,討論,藍,白,委員,架子,大
hatepolitics,討論,爆料,修容組,的,鍾小平,立,大功
hatepolitics,討論,黃國昌,是,關燈,手,“,的,盧“
hatepolitics,討論,國昌,老師,擊墜,記錄
hatepolitics,討論,賴,恢復,軍審,游盈隆,值得,喝采
hatepolitics,討論,才,是,最,愛,國民黨
hatepolitics,轉錄,林俊憲,threads
hatepolitics,討論,通緝犯,彭文正,推動,服,替代役,服兵役
hatepolitics,討論,小草,說,美國,是,干預,台灣
hatepolitics,黑特,yt,推播,中配,懺悔,怒罵,亞亞,變,好多
hatepolitics,黑特,青鳥,願意,上,戰場
hatepolitics,討論,打,起來,身在,淪陷區,怎麼辦
hatepolitics,討論,國,蔥老酥,下,貼,誰
hatepolitics,討論,上班,看,關閉,是,藍,白,砍,預算
hatepolitics,黑特,藍,白,紅,全部,下,地獄,臺灣,才,有,未來
hatepolitics,討論,5成3,覺得,總預算,刪,過頭
hatepolitics,黑特,歐陽支娜,是,是,發抖,中
hatepolitics,黑特,民進黨,覺得,周,休,太少
hatepolitics,討論,台中,持,槍,逼,車,是,全國性,問題,ㄇ
hatepolitics,新聞,台灣,民意,民調,一面倒,過半,民眾,認,總預
hatepolitics,討論,當年,的,國防布,抹黑
hatepolitics,黑特,小,粉綠,號稱,的,言論,自由,爾爾
hatepolitics,討論,黑熊,買,境,外,敵對,勢力,的,東西,給,台灣人,算是
hatepolitics,黑特,笑死,宣佈,中國,敵對,今天,台股,一樣,好好,的
hatepolitics,討論,藍白,解釋,砍,3% 939億
hatepolitics,討論,現在,越來越,有,烏克蘭,的,樣子
hatepolitics,轉錄,張禹宣,fb,國民黨,喪鐘,響起,完蛋
hatepolitics,討論,小草,沒,媒體,報,我,是,台灣人,我,反,綠
hatepolitics,討論,小草,憤怒,騎,ubike,的,人,貪污
hatepolitics,討論,建議,立法,禁止,高官,有,家人,擁,外國籍
hatepolitics,討論,台派,中國,的,股票,大漲
hatepolitics,黑特,低能,藍,白紅,洗,總預算史,上,最,高
hatepolitics,討論,小草,是,是,自我,感覺,良好
hatepolitics,討論,抗,中,保,台,這,牌,用
hatepolitics,黑特,藍白,力挺,九二,共識,抗衡,賴清德
hatepolitics,討論,王育敏,覺得,國人,消失,阻礙,兩岸,交流
hatepolitics,新聞,賴清德,喊,告,栗正傑,兒,服,替代役,報導,翻
hatepolitics,討論,今年,剩,多少,台灣,藝人,祝,祖國,生日快樂
hatepolitics,討論,洪仲丘,有,辦法,安息
hatepolitics,討論,台灣,講,武統,香港,講,港獨
hatepolitics,討論,苗栗,立委,事
hatepolitics,討論,中共,的,紅線,縮
hatepolitics,討論,藍白,軍事,法庭,=,公平,dpp,=,正義,懂
hatepolitics,黑特,覺得,chatgpt,當,部長
hatepolitics,討論,dpp,脆,白色,情人節,ng,行為
hatepolitics,新聞,賴清德,中共,定性,境,外,敵對,勢力,中共
hatepolitics,黑特,傻,鳥,側翼,夠,傻
hatepolitics,新聞,恢復,軍事,審判,夠,沈伯洋,設,國安法
hatepolitics,轉錄,翁曉玲,threads
hatepolitics,討論,電費,是,貴,啥,意思
hatepolitics,黑特,反共,結果,綠畜,支持,綠,共
hatepolitics,討論,國會,大罷免,只,是,幌子,目標,是,戒嚴
hatepolitics,轉錄,台灣,民眾黨,今天,是,白色,情人節
hatepolitics,討論,美國,這樣,惡搞,盟國,有,後果
hatepolitics,討論,藍白,去,中國,怕,戰爭
hatepolitics,討論,開戰,後,有,立委,留在,台灣
hatepolitics,黑特,恢復,軍審,有用
hatepolitics,新聞,北檢,辦,超思案,進入,收尾
hatepolitics,討論,經歷,過,柯建銘,林智堅,新竹人,嚇到,了
hatepolitics,新聞,獨家,賴清德,拋,恢復,軍審,國民黨,擬,提
hatepolitics,討論,藍白委,說,國人,去,中國,消失,沒關係
hatepolitics,討論,台積電,換來,軍事,法庭
hatepolitics,討論,八卦,柵欄,熱議,德意志,中
hatepolitics,討論,藍白,現實,的,認知,客觀,事實,落差,太,大
hatepolitics,討論,柯文哲,你,當作,沒有,我,這,人,…….
hatepolitics,討論,抓,匪諜,有,有,正當性
hatepolitics,討論,恢復,軍審,是,惡法,藍白,輕鬆,擋
hatepolitics,討論,中配,陸配,是,故意,不得已
hatepolitics,討論,保密,防諜,人人,有責
hatepolitics,討論,藍媒,節目,是,辦,喪事
hatepolitics,討論,政府,是,是,抓,那些,舔,共,藝人
hatepolitics,討論,台灣,戒嚴,邁進,大,你,媽
hatepolitics,討論,國昌,老師,質詢,法務部長,聲音,特別,大
hatepolitics,新聞,柯文哲案,密集,開庭,庭期,排到
hatepolitics,黑特,支持,挺,武統,的,亞亞
hatepolitics,討論,國安,法庭,有,違憲,疑慮
hatepolitics,轉錄,民主進步黨,fb,白色,情人節,ng,行為
hatepolitics,討論,幹,賴清德,出手,處理,傅崐萁
hatepolitics,討論,國民黨,搞,戒嚴,公投,是,白癡
hatepolitics,新聞,今日,烏克蘭,明日,台灣,成,熱點
hatepolitics,討論,餵,藥,案,是,法院,認證,戴瑋姍,小,腦袋,無能
hatepolitics,討論,傅崐萁,夫婦,搜索
hatepolitics,討論,王育敏,赴,陸,回來,的,只,有,算,多
hatepolitics,討論,傅崑其,的,老家,搜,了
hatepolitics,討論,台灣,政治,混亂,一切,起源,是,太陽花
hatepolitics,討論,我,反對,開戰
hatepolitics,新聞,快訊,傅崐萁,花蓮,住處,驚傳,搜,搜索,目
hatepolitics,新聞,藍營,發動,綠委,罷免案,階段,全,過,總計
hatepolitics,黑特,說,鍾小平,留
hatepolitics,新聞,葉元之,連環,爆,下,通告,遇,塞車,飆,罵,公務
hatepolitics,討論,政治,外商,撤資,那,工作
hatepolitics,討論,民眾黨,倒閣,國民黨,不利,風險,太,高
hatepolitics,黑特,言論,自由,是,邪教
hatepolitics,黑特,立院,多數,檔,掉,~
hatepolitics,討論,護航,軍審,的,胡說八道
hatepolitics,討論,藍白,很多,以為,洪案,是,軍事,法庭,冤案
hatepolitics,討論,驚,大,罷免,大比拼,國民黨,絲毫,遜色
hatepolitics,討論,恢復,軍審法,誰,認同
hatepolitics,黑特,葉元之,是,"""",葉霸,"""","""",軟式子,""""
hatepolitics,黑特,vance,這,是,言論,自由,這,是,國安,問題
hatepolitics,討論,菜,英文,太,軟
hatepolitics,討論,台灣,搞,戒嚴,韓國,那麼多,人,反抗
hatepolitics,討論,擁有,敵對,勢力,的,居留證,算,叛國
hatepolitics,討論,民心,擾動,文,反,綠
hatepolitics,討論,李珠梗,金門,坦克,陳玉珍,蠻,像,的
hatepolitics,討論,中國,懶得,軍演,了
hatepolitics,討論,掃除,綠衛兵,志工,請,進
hatepolitics,討論,笑死,台灣,表妹,開始,刪,影片
hatepolitics,討論,飛g,落,了
hatepolitics,轉錄,ekteng,fb,約聘,人員,藍白,搞,失業
hatepolitics,討論,中華民國,總統,說,中國,是,境,外
hatepolitics,黑特,有,人,挺,武統,的,言論,自由
hatepolitics,討論,慶幸,中配,台,的,守護神,柯文哲,入獄,了
hatepolitics,討論,多少,鳥,軍法,處,極刑,才,痛醒
hatepolitics,黑特,中國,打,個,雞巴,藍白,想,賣,芒果乾
hatepolitics,討論,徐巧芯,說,我,是,國防,外交,委員會,評價,星
hatepolitics,討論,藝人,舔,共,是,台灣,政府,軟,太,久
hatepolitics,討論,政府,清查,投資,境,外,敵對,勢力,的,企業
hatepolitics,討論,傻鳥,覺得,烏克蘭人,自願,上,戰場
hatepolitics,討論,遊騎兵,讓,我,開放,黨部
hatepolitics,討論,沒有,年輕,小草,老人,叫,什麼,小,草
hatepolitics,黑特,石破,自掏腰包,送,商品券,致歉
hatepolitics,討論,八卦版,認為,上海,台北,繁華
hatepolitics,討論,共諜案,更,一般,法院,審理,才
hatepolitics,討論,政黑,女神,徐閉,藍白,想,我
hatepolitics,討論,核能,新,核能,軍,審,新軍,審,哪,邊,接受
hatepolitics,討論,主張,統一,共產,中國,體制,的,保障
hatepolitics,討論,這,游兒,民調,敢,搞,了
hatepolitics,討論,你,接受,黃子佼,接受,傅崐萁
hatepolitics,討論,功德,賴,成為,新,中華民國,國父
hatepolitics,新聞,賴清德,硬,起來,兩岸,恐,開戰,總統,宣戰,程序
hatepolitics,討論,青鳥,黑熊,說,吊,路燈,是,是,超越,言論,自由
hatepolitics,討論,囂張,支配,陳彩虹,約談,了
hatepolitics,討論,恢復,軍審,是,是,有,黃國昌,的,局
hatepolitics,黑特,藍白,中美,提,境,外,勢力
hatepolitics,討論,葉凹之,以為,上,統媒,沒,事,^_^
hatepolitics,討論,僅,限,國安,恢復,軍審,那,警總
hatepolitics,討論,戴暐珊,怎麼
hatepolitics,黑特,國民黨,是,是,腦殘,才,提,倒閣
hatepolitics,討論,黃捷,連署,過
hatepolitics,新聞,抵制,美國貨,浪潮,蔓延,範圍,超,加,關稅,國家
hatepolitics,討論,國民黨,好,牌,打掉
hatepolitics,討論,倒閣,導致,綠營,修憲
hatepolitics,討論,藍,白,支持,者,連署
hatepolitics,討論,境,外,勢力,含,美國
hatepolitics,黑特,侯友宜,選,贏面,很,大
hatepolitics,討論,藍白,是,說,軍事,法庭,侵害,人權
hatepolitics,討論,那,廢掉,ecfa
hatepolitics,黑特,賴清德,走,烏克蘭,老路,其,結果
hatepolitics,討論,敵對,境,外,勢力,+,軍事,法庭,誰,最,抖
hatepolitics,討論,公務員板,太,可怕
hatepolitics,討論,兩岸,關係,搞成,這樣,請,阿北,視事
hatepolitics,黑特,黃揚明,朱立倫,拜會,黃國昌,組,反,惡霸
hatepolitics,新聞,恢復,軍事,審判,提,修法,台灣,法治
hatepolitics,討論,小草,軍事,法庭,需要,法律,判刑
hatepolitics,討論,呱吉,去年,我,表態,挺,青鳥,後,頻道,急轉直下
hatepolitics,新聞,罷免,添,柴火,名醫,施景中,爆料,講,一半
hatepolitics,討論,台灣,變,烏克蘭
hatepolitics,討論,中國,武統派,小,粉紅,現在,是,是,很,開心
hatepolitics,新聞,賴清德,下令,下鄉,宣講,藍,白,有,對策